vendor_name,vendor_id,contact_email
Acme Corp,V001,billing@acme.com
Global Supplies,V002,invoices@globalsupplies.com
Tech Parts Inc,V003,accounts@techparts.com
Office Depot,V004,billing@officedepot.com
CloudServe LLC,V005,finance@cloudserve.com
